Sun Sep 27 20:30:10 MSK 2015	Science	The October night sky	[Astronomy, Space, Science]
Sun Sep 27 20:30:10 MSK 2015	Sport	AFL preliminary finals: five things we learned | Kathryn Kernohan	[AFL, Fremantle Dockers, West Coast Eagles, North Melbourne, Hawthorn, Australian rules football, Australia sport, Sport]
Sun Sep 27 20:27:55 MSK 2015	World news	Pope Francis's message to sex abuse survivors:  ‘I am deeply sorry'	[Pope Francis, Catholicism, Christianity, Religion, The papacy, US news, Philadelphia, Pennsylvania]
Sun Sep 27 20:00:09 MSK 2015	News	Corrections and clarifications	[]
Sun Sep 27 19:22:05 MSK 2015	World news	UN general assembly: what to watch for, from Massive Monday onward	[United Nations, Barack Obama, Vladimir Putin, Russia, Islamic State, Raúl Castro, Europe, US news, World news, Cuba, Palestinian territories, France, Americas, Middle East and North Africa]
Sun Sep 27 19:07:00 MSK 2015	Sport	South Africa captain Jean de Villiers retires after breaking jaw	[South Africa rugby team, Rugby World Cup 2015, Rugby union, Rugby World Cup, Sport]
Sun Sep 27 19:06:37 MSK 2015	Comment is free	The Guardian view on the hajj deaths: a test for the regime | Editorial	[Saudi Arabia, Middle East and North Africa, World news, Yemen, Hajj, Religion, Islam, Iran, Hassan Rouhani, King Salman]
Sun Sep 27 19:05:53 MSK 2015	Comment is free	The Guardian view on housing policy: Britain must face home truths | Editorial	[Housing, Communities, Society, Social housing, UK news, David Cameron, Politics, Conservatives, Tim Farron, Liberal Democrats, Labour conference, Labour, John McDonnell, Jeremy Corbyn, Local politics, Local government, Homelessness, Social exclusion]
Sun Sep 27 19:05:11 MSK 2015	Sport	England’s Chris Robshaw takes blame but Stuart Lancaster also culpable | Andy Bull	[Rugby World Cup 2015, Stuart Lancaster, England rugby union team, Rugby union, Rugby World Cup, Sport]
Sun Sep 27 19:04:48 MSK 2015	Law	The right way to tackle gender inequality in the legal profession | Letters	[Law, Gender, World news, Jonathan Sumption, UK supreme court, UK news, Women, Life and style, Barristers, Judiciary]
Sun Sep 27 19:04:33 MSK 2015	UK news	Counter-extremism law and liberal values | Letters	[UK security and counter-terrorism, UK news, Counter-terrorism policy, Politics, 7 July London attacks, Islam, Religion, World news, Charlie Hebdo attack, Freedom of speech]
Sun Sep 27 19:04:21 MSK 2015	Television & radio	Founding father of The Archers | Letters	[The Archers, Radio, UK news, BBC, Media, Radio 4, Radio industry]
Sun Sep 27 19:04:05 MSK 2015	World news	Pope exposes paradox of pro-life politicians | Letters	[Pope Francis, Religion, Catholicism, Christianity, The papacy, World news, Abortion, Health, Women, Capital punishment, US news, Syria, Middle East and North Africa, Foreign policy, Politics, UK news, Military, Fashion, Life and style, Gucci]
Sun Sep 27 19:03:56 MSK 2015	World news	Catalan separatists predicted to win absolute majority in regional elections	[Catalonia, Spain, Europe, World news]
Sun Sep 27 19:03:35 MSK 2015	Sport	John Gosden likely to run Golden Horn in Arc with dry week forecast	[Golden Horn, John Gosden, Prix de l'Arc de Triomphe, Sport, Horse racing]
Sun Sep 27 19:00:08 MSK 2015	Politics	Labour calls for Syria safe havens and attacks David Cameron over UN trip	[Labour conference, Labour, Hilary Benn, Foreign policy, David Cameron, Syria, United Nations, UK news, Politics]
Sun Sep 27 19:00:08 MSK 2015	Comment is free	The era of cheap labour is over | Paul Mason	[Work & careers, Money, Public sector pay, Public services policy, Society, Pay]
Sun Sep 27 18:54:03 MSK 2015	World news	Pope Francis vows clergy in sex abuse cases will face justice	[Pope Francis, Catholicism, Christianity, The papacy, US news]
Sun Sep 27 18:34:38 MSK 2015	Sport	Stewards should look at gravity of offence and not which horse is best	[Horse racing, British Horseracing Authority, St Leger, Sport]
Sun Sep 27 18:27:39 MSK 2015	Sport	Wakefield Trinity fans face nervous week after losing to Sheffield	[Super League XX, Rugby league, Super League, Sport, Wakefield Trinity]
Sun Sep 27 18:19:23 MSK 2015	Sport	Ireland and Simon Zebo turn on speed to doom Romania’s insurrection	[Rugby World Cup 2015, Ireland rugby union team, Romania rugby union team, Rugby World Cup, Rugby union, Sport]
Sun Sep 27 18:12:34 MSK 2015	Comment is free	Pope Francis didn't say 'abortion' – and that's what conservative Catholics need to hear | Anthea Butler	[Pope Francis, Abortion, The papacy]
Sun Sep 27 18:09:55 MSK 2015	Comment is free	This RSPCA attack is a masterclass in how conservatives argue | Zoe Willams	[Charities, Animal welfare, Voluntary sector, Society, Animals, UK news]
Sun Sep 27 18:03:52 MSK 2015	Football	Michael Appleton and Oxford United well set despite penalty trauma	[Oxford United, Morecambe, Football, League Two, Sport]
Sun Sep 27 18:02:40 MSK 2015	Cities	All-blue skies in Paris as city centre goes car-free for first time	[Cities, Paris, France, Europe, World news, Pollution, Environment, Transport policy]
Sun Sep 27 18:01:02 MSK 2015	World news	Pope at prison: justice system must focus on healing and 'new possibilities'	[Pope Francis, US news, Philadelphia, Pennsylvania, US prisons, World news]
Sun Sep 27 17:45:09 MSK 2015	Comment is free	Labour’s modernisers have to get beyond factionalism if they are to reclaim power | Spencer Livermore	[Labour, Tony Blair, Gordon Brown, Politics]
Sun Sep 27 17:37:28 MSK 2015	Sport	Ireland v Romania: Rugby World Cup –as it happened	[Rugby World Cup 2015, Ireland rugby union team, Romania rugby union team, Rugby World Cup, Rugby union, Sport]
Sun Sep 27 17:35:02 MSK 2015	Politics	Labour conference decides to duck debate on Trident - Politics live	[Politics, UK news, Labour, Jeremy Corbyn, Trident, Nuclear weapons, Defence policy, Andrew Marr, Tom Watson, Labour conference]
Sun Sep 27 17:30:06 MSK 2015	UK news	The cost of diversity and community cohesion	[Labour conference, UK news, Society, Labour, Politics]
Sun Sep 27 17:19:55 MSK 2015	Technology	When is Google's birthday? 17th anniversary doodle recalls 'humble beginnings'	[Google doodle, Google, Internet, World news, US news, Technology sector, Technology]
Sun Sep 27 17:17:05 MSK 2015	Sport	Wales set to replace newly injured Hallam Amos and Scott Williams	[Rugby World Cup 2015, Wales rugby union team, Rugby union, Fiji rugby union team, Rugby World Cup, Sport]
Sun Sep 27 17:15:06 MSK 2015	Media	Media Monkey’s diary: Piggate, Katie Hopkins, and Harry Cole	[Paul Dacre, Katie Hopkins, Geordie Greig, Mail Online, Internet, Media, Digital media, Newspapers]
Sun Sep 27 17:09:47 MSK 2015	Society	Alex Paton obituary	[Doctors, Medicine, Second world war, Holocaust]
Sun Sep 27 17:08:24 MSK 2015	Football	Yohan Cabaye penalty lets Crystal Palace inflict more pain on Watford	[Premier League, Watford, Crystal Palace, Football, Sport]
Sun Sep 27 17:05:06 MSK 2015	Media	Can ad blockers put an end to the ad tech arms race?	[Advertising, Media, Media business, Internet, Technology, Social media, Digital media]
Sun Sep 27 17:04:18 MSK 2015	Sport	Lewis Hamilton TV blackout starts row with F1’s Bernie Ecclestone	[Lewis Hamilton, Mercedes GP, Formula One 2015, Formula One, Bernie Ecclestone, Motor sport, Sport, Red Bull]
Sun Sep 27 17:04:06 MSK 2015	Media	Ashley Highfield: ‘We can find a win-win relationship with the BBC’	[Ashley Highfield, Media, Johnston Press, Newspapers & magazines, BBC, Regional & local newspapers, Newspapers, Digital media, James Harding, Advertising]
Sun Sep 27 17:02:22 MSK 2015	Politics	Zen-like Jeremy Corbyn exudes amsirahc at upbeat Labour conference	[Labour conference, Jeremy Corbyn, Labour, Politics, UK news]
Sun Sep 27 17:02:06 MSK 2015	Media	Could it be goodnight for Newsnight if the BBC 10pm news is extended?	[Newsnight, Evan Davis, BBC, Media, TV news, Television industry, The news on TV, Television, UK news]
Sun Sep 27 17:00:06 MSK 2015	Stage	Biker-baiting, rum smoothies and magic mushrooms with comic Doug Stanhope	[Doug Stanhope, Stage, Comedy, Culture]
Sun Sep 27 16:54:01 MSK 2015	Football	Watford v Crystal Palace: Premier League – as it happened	[Premier League, Crystal Palace, Sport, Watford, Football]
Sun Sep 27 16:53:35 MSK 2015	US news	Tearful Boehner condemns 'false prophet' conservatives before resignation	[John Boehner, US Congress, US politics, US news, Republicans]
Sun Sep 27 16:31:19 MSK 2015	UK news	UN official calls for asylum assessment centre in Calais	[Immigration and asylum, France, Refugees, Migration, UK news, United Nations, Europe, World news]
Sun Sep 27 16:30:05 MSK 2015	Art and design	We may have found the body of the real Mona Lisa. Just not the most important part	[Mona Lisa, Leonardo da Vinci, Art and design]
Sun Sep 27 16:23:22 MSK 2015	Sport	From Jimmy Armfield to Francesco Totti – here’s to football’s one-club men	[Sport, Roma, Blackpool, Southampton, Ryan Giggs]
Sun Sep 27 16:15:44 MSK 2015	Television & radio	Edward Burnham obituary	[Television, Theatre, Stage, Culture, Television & radio]
Sun Sep 27 16:09:25 MSK 2015	Sport	Scotland quash USA hopes of shock after Vern Cotter summons cavalry	[Rugby World Cup 2015, Scotland rugby union team, USA rugby union team, Rugby union, Rugby World Cup, Sport, US sports]
Sun Sep 27 16:05:55 MSK 2015	World news	Pope Francis’s words on clergy sex abuse ring hollow for some survivors	[Pope Francis, US news, The papacy, Catholicism]
Sun Sep 27 16:02:22 MSK 2015	Business	Rolls-Royce faces second investigation in Brazil corruption scandal	[Rolls-Royce, Business, Serious Fraud Office, Brazil, Americas, Law, UK news, World news]
Sun Sep 27 16:00:05 MSK 2015	Politics	Jeremy Corbyn’s conference speech: what can the experts teach him?	[Jeremy Corbyn, Politics, Labour, Labour conference, UK news]
Sun Sep 27 16:00:05 MSK 2015	Books	List of the Lost by Morrissey – digested read	[Morrissey, Fiction, Culture, Books, Music, Pop and rock]
Sun Sep 27 16:00:05 MSK 2015	World news	UN's 70th general assembly: the greatest political show on earth	[United Nations, Vladimir Putin, Barack Obama, Hassan Rouhani, Xi Jinping, François Hollande, US news, World news, Syria, Russia, Bashar al-Assad, Europe, Middle East and North Africa]
Sun Sep 27 16:00:05 MSK 2015	Politics	UK to spend £5.8bn on tackling climate change in poor countries	[Foreign policy, Global development, Politics, UK news, Aid, Climate change, Environment]
Sun Sep 27 16:00:04 MSK 2015	World news	The kids who still go to school in Victorian horse-drawn carriages	[Pakistan, Animals, South and Central Asia, World news]
Sun Sep 27 15:54:13 MSK 2015	Business	The innovators: the pulsating wristband that sets your daily rhythm	[Entrepreneurs, Wearable technology, Technology, Kickstarter, Internet, Crowdfunding, Business, Small business]
Sun Sep 27 15:53:37 MSK 2015	Sport	Shaun Edwards gives Twickenham thanks on a Wales wing and a prayer	[Rugby World Cup 2015, Wales rugby union team, Rugby union, Rugby World Cup, Australia sport, Sport, Warren Gatland]
Sun Sep 27 15:42:18 MSK 2015	UK news	Experienced hill runner died on final ascent of all-day Highlands run	[Scotland, UK news]
Sun Sep 27 15:41:46 MSK 2015	World news	Assad must face justice even if he stays for short time, says Cameron	[Syria, David Cameron, Bashar al-Assad, World news, Politics, Middle East and North Africa, UK news, Islamic State, United Nations, Foreign policy]
Sun Sep 27 15:35:05 MSK 2015	Sport	Scotland 39-16 USA: Rugby World Cup 2015 – as it happened	[Rugby World Cup 2015, Scotland rugby union team, USA rugby union team, Rugby World Cup, Rugby union, Sport, US sports]
Sun Sep 27 15:34:38 MSK 2015	Sport	Where the Wallabies are at after two World Cup Pool A games	[Australia rugby union team, Rugby World Cup 2015, Rugby union, Australia sport, Sport, Rugby World Cup]
Sun Sep 27 15:30:36 MSK 2015	Sport	Horse racing tips: Monday 28 September	[Horse racing tips, Horse racing, Sport]
Sun Sep 27 15:25:17 MSK 2015	US news	Ben Carson says Muslim president would have to 'subjugate' beliefs	[Ben Carson, US elections 2016, US politics, Republicans, Religion, Islam, US news, World news]
Sun Sep 27 15:13:00 MSK 2015	Art and design	Ian Clarke obituary	[Architecture, Art and design, Hospitals, Society, Death and dying, Life and style]
Sun Sep 27 15:09:57 MSK 2015	Global Development Professionals Network	Global goals: a chance to hold power accountable and to disrupt	[Global development professionals network, Millennium development goals, Sustainable development goals, Development finance, United Nations, Policy and advocacy]
Sun Sep 27 15:09:38 MSK 2015	World news	France launches first airstrikes against Isis in Syria	[France, Syria, Islamic State, Europe, Middle East and North Africa, World news, François Hollande, Charlie Hebdo attack]
Sun Sep 27 15:00:03 MSK 2015	Art and design	I shot Andy Warhol: photographer Billy Name on drugs and shootings at the Factory	[Photography, Andy Warhol, New York, Art and design, Culture, Art, Velvet Underground, Music]
Sun Sep 27 14:43:43 MSK 2015	Politics	Labour moderates warn Corbyn party must be clear on key policies	[Labour conference, Labour, Jeremy Corbyn, Politics, UK news, Trident, Defence policy, Nuclear weapons, Tom Watson, Charles Falconer, Lord Falconer of Thoroton, Angela Eagle, Andy Burnham]
Sun Sep 27 14:34:22 MSK 2015	Comment is free	The hipster Cereal Killer Cafe owners aren’t the East End’s real enemy | Audrey Gillan	[Gentrification, London, Cities, Housing, Communities, Society, UK news]
Sun Sep 27 14:30:37 MSK 2015	World news	Former British general calls for no-fly zone over north-west Syria	[Syria, UK news, Middle East and North Africa, World news, Foreign policy, Politics]
Sun Sep 27 14:20:10 MSK 2015	US news	Hillary Clinton dismisses 'conspiracy theory' amid email server controversy	[US elections 2016, Hillary Clinton, US news, US politics, Democrats]
Sun Sep 27 14:19:58 MSK 2015	Politics	Ashcroft source defends revelations about Cameron's student days	[David Cameron, Lord Ashcroft, Conservatives, Politics, Media, Newspapers & magazines, UK news]
Sun Sep 27 14:18:16 MSK 2015	Football	Middlesbrough v Leeds United: Championship – as it happened	[Championship, Middlesbrough, Leeds United, Football, Sport]
Sun Sep 27 14:12:39 MSK 2015	Sport	Jenson Button and Fernando Alonso denials humiliate shambolic McLaren	[McLaren, Jenson Button, Fernando Alonso, Formula One 2015, Formula One, Motor sport, Sport]
Sun Sep 27 14:00:02 MSK 2015	Children's books	The Territory by Sarah Govett – review	[Children and teenagers, Books, Culture, Teen books, Dystopian fiction (children and teens)]
Sun Sep 27 13:52:13 MSK 2015	Football	Blerim Dzemaili strike enough as Genoa see off 10-man Milan	[Genoa, Milan, Serie A, European club football, Football, Sport]
Sun Sep 27 13:39:40 MSK 2015	World news	Catalan election: high turnout expected in de facto independence referendum	[Catalonia, Spain, Europe, World news]
Sun Sep 27 13:31:09 MSK 2015	Sport	Frank Tyson obituary	[Cricket, Sport, Australia news, The Ashes, England cricket team, Australia cricket team, Australia sport, Ashes 2015]
Sun Sep 27 13:26:51 MSK 2015	Music	Barry Green's New York Trio review – a discreet, distinctive slow burn	[Jazz, Music, Culture]
Sun Sep 27 13:12:17 MSK 2015	Sport	Drew Mitchell breaks Australia tries record in trouncing of Uruguay	[Rugby World Cup 2015, Australia rugby union team, Uruguay rugby union team, Rugby union, Rugby World Cup, Sport, Australia sport]
Sun Sep 27 13:09:19 MSK 2015	World news	Rome scooter drivers share rides through app	[Italy, Rome holidays, Italy holidays, Europe, World news]
Sun Sep 27 13:00:01 MSK 2015	Life and style	Maison de la lumière: a modern home in Paris	[Homes, Interiors, Architecture, Life and style]
Sun Sep 27 13:00:01 MSK 2015	Books	Undermajordomo Minor review – Patrick deWitt’s bittersweet fairytale	[Patrick DeWitt, Fiction, Books, Culture]
Sun Sep 27 00:58:17 MSK 2015	World news	Countries to pledge troops to bolster UN peacekeepers after intense US pressure	[United Nations, World news, India]
Sun Sep 27 00:52:49 MSK 2015	Sport	Australia v Uruguay: Rugby World Cup 2015 – as it happened | Dan Lucas	[Rugby World Cup 2015, Rugby World Cup, Australia rugby union team, Uruguay rugby union team, Rugby union, Australia sport, Sport]
Sun Sep 27 00:52:05 MSK 2015	Music	Lady Macbeth of Mtsensk review – magnificent descent to self-destruction	[Opera, Classical music, Culture, Music, English National Opera (ENO)]
Sun Sep 27 00:49:45 MSK 2015	World news	The Rev Ronald Gibbins obituary	[Christianity, Religion]
Sun Sep 27 00:30:00 MSK 2015	US news	New Yorker cartoons are easy to mock – but could you create one yourself?	[US news, World news, New York, Magazines, US press and publishing, Media]
Sun Sep 27 00:30:00 MSK 2015	Education	High school was hell for me, but I had to go back to get over it	[US education, Education]
Sun Sep 27 00:28:56 MSK 2015	World news	India to launch country's first space observatory	[India, Space, Astronomy, Hubble space telescope, Science, US news]
Sun Sep 27 00:28:24 MSK 2015	Football	Genoa 1-0 Milan: Serie A – as it happened	[Serie A, Genoa, Milan, European club football, Football, Sport]
Sun Sep 27 00:18:08 MSK 2015	Business	Labour faces a tough time convincing voters on the UK economy	[Business, Jeremy Corbyn, Politics, Economic growth (GDP), Economic recovery, Economics, Financial crisis, Austerity, Tax and spending, Sterling, Banking, Currencies, Financial sector]
Sun Sep 27 00:14:08 MSK 2015	Comment is free	Come on, Labour, get over the 90s and join in Jeremy Corbyn’s debate | Tristram Hunt	[Labour conference, Labour, UK news, Politics, Jeremy Corbyn, Peter Mandelson, Tony Blair]
Sun Sep 27 00:05:44 MSK 2015	Music	Basel SO/Davies review – crisp Mozart, languid Stravinsky and a whiz through Ravel	[Classical music, Music, Culture]
Sun Sep 27 00:04:00 MSK 2015	Sport	Wales may ask for Tom Wood to be cited for kick to Liam Williams’ head	[Wales rugby union team, England rugby union team, Rugby World Cup 2015, Tom Wood, Rugby World Cup, Rugby union, Sport]
Sun Sep 27 00:00:07 MSK 2015	US news	Daraprim 'profiteering' controversy lifts lid on soaring cost of prescription drugs	[US healthcare, Pharmaceuticals industry, Business, US news, Money]
Sun Sep 27 00:00:07 MSK 2015	Environment	El Niño takes toll on US rice farmers – and points to even higher prices	[El Niño southern oscillation, Rice, World news, Business, California drought, Environment, US news, Mississippi]
Sun Sep 27 00:00:07 MSK 2015	Books	Outsider: My Life in Intrigue by Frederick Forsyth review – anecdotal vignettes	[Frederick Forsyth, Autobiography and memoir, Books, Culture]
Sun Sep 27 00:00:07 MSK 2015	Life and style	Forget 'the cult of domesticity': how I learned the subtle power of cooking	[Food & drink, Life and style]
Sun Sep 27 11:32:44 MSK 2015	World news	English-speaking female jihadis in Libya issue Islamic State call to arms	[Islamic State, Libya, Africa, Middle East and North Africa, World news]
Sun Sep 27 11:30:06 MSK 2015	World news	Philadelphia Eagles fans pray pope's visit will bring miracle win against Jets	[Pope Francis, Philadelphia, Sport, US news, Philadelphia Eagles, The papacy, World news, New York Jets]
Sun Sep 27 11:26:14 MSK 2015	Stage	Shazia Mirza review – scattergun thinking defuses the shock tactics	[Shazia Mirza, Comedy, Comedy, Stage, Culture, Islam, Religion]
Sun Sep 27 11:00:07 MSK 2015	World news	'Blood moon' brings prophecies of end times – but Nasa says not to worry	[Religion, Astronomy, Nasa, Space, Science, World news, The moon]
Sun Sep 27 11:00:07 MSK 2015	US news	Donald Trump goes by the Book but social conservatives unconvinced	[Donald Trump, US elections 2016, US politics, US news, Republicans, Religion, World news]
Sun Sep 27 11:00:06 MSK 2015	Life and style	Just the tonic: the men who saved the G&T	[Food & drink, Life and style, Ferran Adrià]
Sun Sep 27 11:00:06 MSK 2015	Children's books	A Summer Like No Other by Elodie Nowodazkij – review	[Children and teenagers, Books, Culture, Teen books, Teen romance (childrens and teens)]
Sun Sep 27 11:00:06 MSK 2015	Culture	Burning Man's black campers explain why they are the 1%	[Burning Man festival, Culture, Festivals, Race issues]
Sun Sep 27 11:00:06 MSK 2015	Books	7 Miles Out review – heartache and humour	[Fiction, Books, Culture, Dreams Of A Life, The Falling]
Sun Sep 27 10:59:33 MSK 2015	World news	One year on, Hong Kong democracy activists ask what protest achieved	[Hong Kong, China, Asia Pacific, World news]
Sun Sep 27 10:56:42 MSK 2015	Politics	Jeremy Corbyn happy for Labour to have 'difference of opinion' over Trident	[Jeremy Corbyn, Trident, Labour, Defence policy, Military, Nuclear weapons, Politics, UK news]
Sun Sep 27 10:44:51 MSK 2015	Politics	Jeremy Corbyn: we do not support violent protest	[Jeremy Corbyn, Labour, Politics, UK news]
Sun Sep 27 10:26:10 MSK 2015	UK news	Tories can no longer take Labour’s Trident support for granted	[Trident, Jeremy Corbyn, Defence policy, Military, Nuclear weapons, Politics, UK news]
Sun Sep 27 10:24:08 MSK 2015	Books	Ted Hughes poem 'inspired by row with  Sylvia Plath shortly before she died'	[Ted Hughes, Sylvia Plath, Books, Culture, UK news]
Sun Sep 27 10:00:05 MSK 2015	Life and style	Readers’ recipe swap: Raisins	[Food & drink, Life and style]
Sun Sep 27 10:00:05 MSK 2015	Books	Elizabeth Gilbert: Chasing perfection is the enemy of all good things	[Books]
Sun Sep 27 10:00:05 MSK 2015	Fashion	Will chaos magic reign over your wardrobe?	[Fashion, Life and style, Normcore]
Sun Sep 27 10:00:05 MSK 2015	Books	Vendela Vida: ‘You write to know you’re not alone in the world’	[Vendela Vida, Fiction, Books, Culture]
Sun Sep 27 10:00:05 MSK 2015	Global	Good to meet you - François Jeanjean	[]
Sun Sep 27 09:30:04 MSK 2015	Comment is free	The rise of ad-blocking could herald the end of the free internet	[Internet, Advertising, Web filtering, Web browsers, Technology]
Sun Sep 27 09:29:07 MSK 2015	Business	Hinkley Point: what price avoiding humiliation?	[Nuclear power, Energy industry, Energy efficiency, Business, Energy, Environment, Centrica, EDF Energy, George Osborne, Politics, Utilities]
Sun Sep 27 09:20:04 MSK 2015	Education	What to ask on a university open day	[Students, Education, Higher education, Advice for students, Sixth form, Employability]
Sun Sep 27 09:01:42 MSK 2015	Global development	Portraits of lives in flux: A journey across 10 years and four continents – interactive	[Global development, Millennium development goals, Conflict and development, Nutrition and development, Child marriage, Poverty]
Sun Sep 27 09:00:04 MSK 2015	Sport	Dan Biggar to the fore as brilliant Wales recapture spirit of 2013 | Owen Gibson	[Wales rugby union team, England rugby union team, Rugby World Cup 2015, Rugby World Cup, Rugby union, Sport]
Sun Sep 27 09:00:04 MSK 2015	Comment is free	Cameron’s piggy is in the middle of a question we’re not asking	[David Cameron, Politics, Lord Ashcroft]
Sun Sep 27 09:00:04 MSK 2015	Global development	A journey across 10 years and four continents: Danziger's tales from Niger	[Global development, Niger, Africa, World news]
Sun Sep 27 09:00:04 MSK 2015	Sport	England searching for identity after playing into Warren Gatland’s hands | Dean Ryan	[Stuart Lancaster, Owen Farrell, Warren Gatland, England rugby union team, Wales rugby union team, Rugby World Cup 2015, Rugby World Cup, Rugby union, Sport]
Sun Sep 27 09:00:04 MSK 2015	Guardian Careers	Thinking about a career in teaching? Here's how to get started – live chat	[Live Q&A, Guardian Careers, Live Q&As, Live Q and A, Work & careers, Job hunting, Teacher Network, Teaching]
Sun Sep 27 09:00:04 MSK 2015	World news	Catalan independence: What if separatists win?	[Catalonia, Spain, Europe, World news, Mariano Rajoy]
Sun Sep 27 09:00:03 MSK 2015	Music	Coming up: the gigs and albums not to miss in October	[Pop and rock, Music, Culture, Elbow, Joanna Newsom, The National, Patti Smith, Sleaford Mods, Low]
Sun Sep 27 08:59:26 MSK 2015	UK news	Shoreditch Cereal Killer Cafe targeted in anti-gentrification protests	[London, UK news, Protest, Gentrification, Cities]
Sun Sep 27 08:30:03 MSK 2015	Life and style	The phones that track our eye movements	[Life and style, Science, Mobile phones, Advertising, Mobile phones, Technology, Society, Health]
Sun Sep 27 08:30:03 MSK 2015	Music	New Order: ‘There’s no point in just staying together for the kids’	[New Order, Electronic music, Pop and rock, Music, Peter Hook, Joy Division, Tony Wilson, Culture]
Sun Sep 27 08:30:03 MSK 2015	Culture	And for Dynamo’s next trick? A live tour	[Dynamo, Magic, Stage, Culture]
Sun Sep 27 08:30:03 MSK 2015	Life and style	Living happily ever after – after conscious uncoupling	[Relationships, Divorce, Gwyneth Paltrow, Life and style, Psychology]
Sun Sep 27 08:30:03 MSK 2015	Life and style	Does your relationship status affect the way you see the world?	[Life and style, Psychology, Science, Relationships]
Sun Sep 27 08:30:03 MSK 2015	Culture	Hangmen review – a tremendous, terrifying return by Martin McDonagh	[Martin McDonagh, Theatre, Stage, Culture, Royal Court theatre]
Sun Sep 27 08:24:30 MSK 2015	Culture	Beautiful One Day review – stage documentary dissects Palm Island death	[Brisbane festival 2015, Theatre, Stage, Culture, Indigenous Australians, Queensland]
Sun Sep 27 08:15:03 MSK 2015	Film	‘99% of women working in the film and TV industries have experienced sexism’	[Film industry, Film, Culture, Suffragette, Belle]
Sun Sep 27 08:15:02 MSK 2015	Film	Geena Davis: ‘After Thelma & Louise, people said things would improve for women in film. They didn’t’	[Film industry, Geena Davis, Business, Suffragette, Film, Gender, World news, Women in the boardroom, London film festival, Festivals, Equality, Society, US income inequality, US news, Media, Feminism]
Sun Sep 27 08:11:29 MSK 2015	Culture	Joan Collins 'nagged sister about mammograms', tribute reveals	[Joan Collins, Jackie Collins, Books, Culture, World news, Cancer, Health, Society]
Sun Sep 27 08:08:47 MSK 2015	Sport	Jenson Button talked out of Formula One retirement by McLaren chief	[Jenson Button, Formula One, Formula One 2015, Motor sport, Sport]
Sun Sep 27 08:00:03 MSK 2015	Education	Manchester University takes fresher stand against sexual harassment	[Students, University of Manchester, Higher education, Rape, Society]
Sun Sep 27 08:00:03 MSK 2015	Politics	Focus groups give Jeremy Corbyn catch-22: stick to his guns but change his values	[Jeremy Corbyn, Labour conference, Labour, Politics, UK news, David Cameron, Conservatives]
Sun Sep 27 08:00:03 MSK 2015	UK news	Don’t worry about the triple-dip recession - it was just a dream sequence	[Office for National Statistics, Economic growth (GDP), Economics, Business, UK news, George Osborne, Politics, Libor]
Sun Sep 27 08:00:03 MSK 2015	Business	If this scandal goes beyond VW, the wheels will come off an entire industry	[Volkswagen (VW), Automotive industry, Greenhouse gas emissions, Climate change, Environment, Business, Energy industry, Manufacturing sector, Retail industry]
Sun Sep 27 08:00:03 MSK 2015	Media	There is no plan to sell Channel 4 – at least, no plan that would keep it safe	[Channel 4, Television industry, Television & radio, Public service broadcasting, Privatisation, Media, Business, Economic policy, Politics, Culture]
Sun Sep 27 08:00:03 MSK 2015	Children's books	Top 10 villains in YA fiction	[Children and teenagers, Teen books, Books, Culture, JK Rowling, Harry Potter, Children's fantasy books (children's and teens), Hunger Games, Suzanne Collins, Dystopian fiction (children and teens), Witches, wizards and magic, Louise O'Neill, Arthur Conan Doyle]
Sun Sep 27 08:00:03 MSK 2015	Film	Mia Madre review – lights, camera… trauma	[Drama, Comedy, Nanni Moretti, Film, Culture]
Sun Sep 27 08:00:02 MSK 2015	Music	Peaches: Rub review – multiple flavours of raw Peach	[Peaches, Electronic music, Music, Culture]
Sun Sep 27 08:00:02 MSK 2015	Children's books	Birdy by Jess Vallance – review	[Children and teenagers, Books, Culture, Teen books, Friendship (children and teens)]
Sun Sep 27 08:00:02 MSK 2015	Books	Short story round-up	[Short stories, Fiction, Jesse Eisenberg, Christos Tsiolkas, Books, Culture]
Sun Sep 27 08:00:02 MSK 2015	Media	Gannett is hungry for one thing – and it’s not great newspapers	[Newspapers, Newspaper closures, Gannett, Newsquest, Regional & local newspapers, Newspapers & magazines, Media]
Sun Sep 27 08:00:02 MSK 2015	Media	Ashcroft’s revelations are a pig in a poke	[Newspapers, Lord Ashcroft, Newspapers & magazines, Daily Mail, David Cameron, Paul Dacre, National newspapers, Media, Politics]
Sun Sep 27 07:59:02 MSK 2015	Business	Everyone wants to decouple from China – except Osborne	[Chinese economy, Global economy, George Osborne, China, Asia Pacific, Politics, Business, World news, Economic policy, Economics]
Sun Sep 27 07:59:02 MSK 2015	Media	Publishers and broadcasters have their eyes on the same prizes	[Alan Rusbridger, The Guardian, Newspapers & magazines, National newspapers, Newspapers, Digital media, Television industry, Media]
Sun Sep 27 07:46:17 MSK 2015	Australia news	Doctors group condemns Medicare review as an attack on GP integrity	[Australian politics, Medicare Australia, Australia news, Health, Sussan Ley, Australian budget 2014, Doctors, Society]
Sun Sep 27 07:30:02 MSK 2015	Music	Kiss Me, Kate; Florian Boesch and Graham Johnson; the Tallis Scholars’ 2000th concert – review	[Classical music, Opera, Franz Schubert, Choral music, Music, Culture, Cole Porter]
Sun Sep 27 07:30:01 MSK 2015	Science	Can a drink really make skin look younger?	[Science, Life and style, Skincare, Health & wellbeing, Health, Ageing, Beauty, Culture]
Sun Sep 27 07:15:01 MSK 2015	Culture	On my radar: Bill Bailey’s cultural highlights	[Bill Bailey, Culture, Amy Winehouse, Music, Let the Right One In, Film, Helen Macdonald, Books, Serpentine pavilion, Art, Art and design]
Sun Sep 27 07:13:54 MSK 2015	Science	Fermilab's giant magnet begins its journey into the quantum badlands	[Science, Particle physics, Physics]
Sun Sep 27 07:00:04 MSK 2015	Film	Matt Damon: 'You're a better actor the less people know about you'	[Matt Damon, Film]
Sun Sep 27 07:00:03 MSK 2015	Film	Captive review – gritty bestseller born again	[Drama, Film, David Oyelowo, Culture, Christianity, Religion]
Sun Sep 27 07:00:03 MSK 2015	Stage	Jane Eyre review – aflame with passion and madness	[Theatre, Stage, Culture, Books, National Theatre, Charlotte Brontë]
Sun Sep 27 07:00:03 MSK 2015	Stage	Iliad review – full of sound and furniture	[Theatre, Stage, Culture, National Theatre Wales]
Sun Sep 27 07:00:03 MSK 2015	Film	Just Jim review – surreal and darkly funny	[Drama, Comedy, Film, Richard Ayoade, Culture]
Sun Sep 27 07:00:03 MSK 2015	Stage	Mr Foote’s Other Leg review – gusto and sorrow at the dawn of celebrity	[Theatre, Simon Russell Beale, Stage, Culture]
Sun Sep 27 07:00:03 MSK 2015	Music	Brahms, Dietrich, Schumann: Violin Sonatas Op 100 & 108, FAE Sonata CD review – period-instrument panache	[Johannes Brahms, Music, Culture, Classical music]
Sun Sep 27 07:00:03 MSK 2015	Stage	Romeo and Juliet review – the Royal Ballet's Romeo meets his match	[Ballet, Kenneth MacMillan, Dance, Stage, Culture]
Sun Sep 27 07:00:03 MSK 2015	Music	Various: Songs from the Arc of Life CD review – a joyful celebration	[Classical music, Music, Culture]
Sun Sep 27 07:00:03 MSK 2015	Culture	Celts: Art and Identity review – a wild world of visions and myth	[British Museum, Art, Art and design, Exhibitions, Culture]
Sun Sep 27 07:00:02 MSK 2015	Film	Life review – the iconic made humdrum	[Life, Biopics, Film, Robert Pattinson, Ben Kingsley, Magnum, Drama, James Dean, Photography, Culture]
Sun Sep 27 07:00:02 MSK 2015	Music	Erroll Garner: The Complete Concert By the Sea review – extended reissue of a jazz classic	[Jazz, Music, Culture]
Sun Sep 27 07:00:02 MSK 2015	Music	Sound, style or spirit – what does indie mean today?	[Indie, Music, Buzzcocks, Pop and rock]
Sun Sep 27 07:00:02 MSK 2015	Film	My Darling Clementine review – making myths of American west into poetry	[Westerns, Film, John Ford, DVD and video reviews, Culture]
Sun Sep 27 07:00:02 MSK 2015	Film	99 Homes review – taut real-estate thriller	[Drama, Film, Andrew Garfield, Michael Shannon, Culture, Financial crisis, World news]
Sun Sep 27 07:00:02 MSK 2015	Film	Orion: The Man Who Would Be King review – wonderfully weird	[Documentary, Film, Elvis Presley, Pop and rock, Music, Culture]
Sun Sep 27 07:00:02 MSK 2015	Teacher Network	Wake-up call: help your teenage students see the importance of sleep	[Teacher Network, Education, Australian education, US education, Teaching, Teaching tips, Schools, Pupil behaviour, Neuroscience, Primary schools, Secondary schools]
Sun Sep 27 07:00:02 MSK 2015	Technology	Games reviews roundup: Skylanders Superchargers; Tearaway Unfolded; PES 2016	[Games, Technology, Puzzle games, Sports games, Racing games, PS Vita, PlayStation, PlayStation 4, Sony, Xbox, Xbox One, Wii, Wii U, Culture]
Sun Sep 27 07:00:02 MSK 2015	Music	Sally Beamish: The Singing CD review – keenly felt homage to Scotland	[Classical music, Music, Culture]
Sun Sep 27 07:00:01 MSK 2015	Music	Disclosure: Caracal review – dance duo’s second is saved by the guests	[Disclosure, Dance music, Electronic music, Music, Sam Smith, Lorde, The Weeknd, Culture]
Sun Sep 27 07:00:01 MSK 2015	Music	Ryan Adams: 1989 review – respectful take on Taylor Swift	[Pop and rock, Music, Ryan Adams, Taylor Swift, Culture]
Sun Sep 27 07:00:01 MSK 2015	Books	Pop Art: A Colourful History by Alastair Sooke review – hugely engaging	[Art and design, Books, Culture]
Sun Sep 27 07:00:01 MSK 2015	Music	Martin Harley and Daniel Kimbro: Live at Southern Ground review – a charming Nashville hour	[Blues, Pop and rock, Music, Culture]
Sun Sep 27 07:00:01 MSK 2015	Music	The Dead Weather: Dodge and Burn review – sluiced free of sludge	[The Dead Weather, Jack White, Pop and rock, Music, Culture]
Sun Sep 27 06:59:01 MSK 2015	Film	Solace review – silly serial-killer shtick	[Thriller, Film, Colin Farrell, Anthony Hopkins, Culture]
Sun Sep 27 06:59:01 MSK 2015	Film	Miss You Already review – big issues, refreshing honesty	[Drama, Film, Toni Collette, Comedy, Culture, IVF, Breast cancer]
Sun Sep 27 06:51:00 MSK 2015	Sport	Formula One: Japan Grand Prix – as it happened	[Formula One 2015, Formula One, Motor sport, Sport]
Sun Sep 27 06:00:00 MSK 2015	Television & radio	Radio X review – Chris Moyles is back with Radio Geezer	[Radio, Television & radio, Chris Moyles, Culture]
Sun Sep 27 06:00:00 MSK 2015	Television & radio	The week in TV: Downton Abbey; All Change at Longleat; The Naked Choir With Gareth Malone; Patagonia: Earth’s Secret Paradise	[Downton Abbey, Period drama, Gareth Malone, Patagonia, Reality TV, Science and nature TV, Documentary, Factual TV, Television, Television & radio, Culture]
Sun Sep 27 06:00:00 MSK 2015	Money	Virgin Media keeps sending letters to my late father
	[Broadband, Internet, phones & broadband, Consumer affairs, Consumer rights, Money]
Sun Sep 27 06:00:00 MSK 2015	Art and design	Kara Walker: ‘There is a moment in life where one becomes black’	[Art, Art and design, Culture, Atlanta, US news, Race issues, World news]
Sun Sep 27 06:00:00 MSK 2015	Music	Julia Holter: Have You in My Wilderness review – an ambitious triumph	[Julia Holter, Pop and rock, Music, Culture]
Sun Sep 27 06:00:00 MSK 2015	Travel	Trelawny, Jamaica: ‘as if the clock has stopped’	[Jamaica, Cultural trips, Caribbean, Travel]
Sun Sep 27 06:00:00 MSK 2015	Music	New Order: Music Complete review – an unexpectedly coherent return	[New Order, Pop and rock, Music, Culture]
Sun Sep 27 06:00:00 MSK 2015	Film	Man Up; Results; Ruth & Alex; Catch Me Daddy; Spooks: The Greater Good; B for Boy – review	[DVD and video reviews, Film, Culture, Man Up, Catch Me Daddy, Spooks: The Greater Good, Comedy, Comedy, Thriller, Drama, Nanni Moretti]
Sun Sep 27 05:59:00 MSK 2015	Science	Scientists aren’t all mad, crazy-haired men	[Science, Science fiction and fantasy, The Martian, Physics, Matt Damon, Film adaptations, Space, Culture]
Sun Sep 27 05:56:44 MSK 2015	Australia news	Ministers hint at possible rethink of environmental 'lawfare' crackdown	[Australian politics, Activism, George Brandis, Greg Hunt, Environment, Coal, Energy, Australian law, Farming, Coalition, Mining, Carmichael coalmine, Australia news, Queensland, Adani Group]
Sun Sep 27 05:30:10 MSK 2015	Books	1606: William Shakespeare and the Year of Lear review – an explosive mix	[History, William Shakespeare, Literary criticism, Books, Culture]
Sun Sep 27 05:00:11 MSK 2015	Life and style	The Talbot: restaurant review | Jay Rayner	[Food & drink, Restaurants, Restaurants, Life and style, Travel]
Sun Sep 27 05:00:11 MSK 2015	World news	Catalans cast votes in unofficial independence referendum	[Catalonia, World news, Spain, Europe, European Union]
